<?xml version="1.0"?>
<!--<!DOCTYPE metadata SYSTEM "http://www.esri.com/metadata/esriprof80.dtd">-->
<metadata xml:lang="en"><Esri><CreaDate>20070312</CreaDate><CreaTime>14324900</CreaTime><SyncOnce>FALSE</SyncOnce><DataProperties><lineage><Process Name="DefineProjection_1" ToolSource="C:\Program Files\ArcGIS\ArcToolbox\Toolboxes\Data Management Tools.tbx\DefineProjection" Date="20050910" Time="134639">DefineProjection Z:\incoming_data\CORPS\Vector\levee\coelleveesutm.shp PROJCS['NAD_1983_UTM_Zone_15N',GEOGCS['GCS_North_American_1983',DATUM['D_North_American_1983',SPHEROID['GRS_1980',6378137.0,298.257222101]],PRIMEM['Greenwich',0.0],UNIT['Degree',0.0174532925199433]],PROJECTION['Transverse_Mercator'],PARAMETER['False_Easting',500000.0],PARAMETER['False_Northing',0.0],PARAMETER['Central_Meridian',-93.0],PARAMETER['Scale_Factor',0.9996],PARAMETER['Latitude_Of_Origin',0.0],UNIT['Meter',1.0]] Z:\incoming_data\CORPS\Vector\levee\coelleveesutm.shp</Process><Process Name="Project_1" ToolSource="C:\Program Files\ArcGIS\ArcToolbox\Toolboxes\Data Management Tools.tbx\Project" Date="20070312" Time="143249">Project "D:\DVDproj\LOSCO 2007 DVD\data\infrastructure\levees_USACE_2006.shp" "D:\DVDproj\LOSCO 2007 DVD\data\infrastructure\levees_USACE_2006_Project.shp" GEOGCS['GCS_North_American_1983',DATUM['D_North_American_1983',SPHEROID['GRS_1980',6378137.0,298.257222101]],PRIMEM['Greenwich',0.0],UNIT['Degree',0.0174532925199433]] #</Process><Process ToolSource="C:\Program Files\ArcGIS\ArcToolbox\Toolboxes\Data Management Tools.tbx\CopyFeatures" Date="20070325" Time="223856">CopyFeatures "D:\DVDproj\LOSCO 2007 DVD\data\infrastructure\levees_USACE_2006.shp" "D:\DVDproj\LOSCO 2007 DVD\data\infrastructure.mdb\levees_USACE_2006" # 0 0 0</Process><Process ToolSource="C:\Program Files\ArcGIS\ArcToolbox\Toolboxes\Data Management Tools.tbx\CopyFeatures" Date="20070422" Time="212425">CopyFeatures "D:\LOSCO 2007 DVD\DVDPROJECT\data\infrastructure.mdb\levees_USACE_2006" "D:\LOSCO 2007 DVD\DVDPROJECT\data\infrastructure\levees_USACE_2006.shp" # 0 0 0</Process></lineage></DataProperties><SyncDate>20070821</SyncDate><SyncTime>12454900</SyncTime><ModDate>20070821</ModDate><ModTime>12455400</ModTime><MetaID>{2E47535E-5B11-4DAC-99D8-4744E86FF521}</MetaID></Esri><idinfo><native Sync="TRUE">Microsoft Windows XP Version 5.1 (Build 2600) Service Pack 2; ESRI ArcCatalog 9.2.0.1324</native><descript><langdata Sync="TRUE">en</langdata><abstract>Levees in Louisiana</abstract><purpose>Location of flood protection levees in Louisiana</purpose><supplinf>A complete metadata record for this dataset was not available at the time this data was published.  Please visit the US Army Corps of Engineers web site for more details.
http://www.usace.army.mil/</supplinf></descript><citation><citeinfo><origin>US Army Corps of Engineers</origin><pubdate>2006</pubdate><title>Levees in Louisiana, Geographic NAD83, USACE (2006) [levees_usace_2006]</title><ftname Sync="TRUE">levees_USACE_2006</ftname><geoform Sync="TRUE">vector digital data</geoform><onlink>http://lagic.lsu.edu/data/losco/levees_USACE_2006.zip</onlink></citeinfo></citation><timeperd><current>unknown</current><timeinfo><sngdate><caldate>unknown</caldate></sngdate></timeinfo></timeperd><status><progress>unknown</progress><update>Unknown</update></status><spdom><bounding><westbc Sync="TRUE">-92.016335</westbc><eastbc Sync="TRUE">-89.352624</eastbc><northbc Sync="TRUE">31.153949</northbc><southbc Sync="TRUE">29.269228</southbc></bounding><lboundng><leftbc Sync="TRUE">-92.016335</leftbc><rightbc Sync="TRUE">-89.352624</rightbc><bottombc Sync="TRUE">29.269228</bottombc><topbc Sync="TRUE">31.153949</topbc></lboundng></spdom><keywords><theme><themekey>Infrastructure</themekey><themekey>Levee</themekey></theme><place><placekey>Louisiana</placekey></place></keywords><accconst>none</accconst><useconst>none</useconst><natvform Sync="TRUE">Shapefile</natvform><ptcontac><cntinfo><cntperp><cntorg>US Army Corps of Engineers</cntorg></cntperp></cntinfo></ptcontac><browse><browsen>&lt;URL: levees_USACE_2006.gif&gt;</browsen><browset>GIF</browset></browse></idinfo><dataIdInfo><envirDesc Sync="TRUE">Microsoft Windows XP Version 5.1 (Build 2600) Service Pack 2; ESRI ArcCatalog 9.2.0.1324</envirDesc><dataLang><languageCode Sync="TRUE" value="en"></languageCode></dataLang><idCitation><resTitle Sync="TRUE">levees_USACE_2006</resTitle><presForm><PresFormCd Sync="TRUE" value="005"></PresFormCd></presForm></idCitation><spatRpType><SpatRepTypCd Sync="TRUE" value="001"></SpatRepTypCd></spatRpType><dataExt><geoEle><GeoBndBox esriExtentType="native"><westBL Sync="TRUE">-92.016335</westBL><eastBL Sync="TRUE">-89.352624</eastBL><northBL Sync="TRUE">31.153949</northBL><southBL Sync="TRUE">29.269228</southBL><exTypeCode Sync="TRUE">1</exTypeCode></GeoBndBox></geoEle></dataExt><geoBox esriExtentType="decdegrees"><westBL Sync="TRUE">-92.016335</westBL><eastBL Sync="TRUE">-89.352624</eastBL><northBL Sync="TRUE">31.153949</northBL><southBL Sync="TRUE">29.269228</southBL><exTypeCode Sync="TRUE">1</exTypeCode></geoBox></dataIdInfo><metainfo><langmeta Sync="TRUE">en</langmeta><metstdn Sync="TRUE">FGDC Content Standards for Digital Geospatial Metadata</metstdn><metstdv Sync="TRUE">FGDC-STD-001-1998</metstdv><mettc Sync="TRUE">local time</mettc><metc><cntinfo><cntorgp><cntorg>Louisiana Geographic Infromation Center (LAGIC)</cntorg></cntorgp><cntaddr><addrtype>mailing and physical address</addrtype><city>Baton Rouge</city><state>Louisiana</state><postal>70803</postal><address>E313 Howe-Russell</address><address>School of the Coast &amp; Environment</address><address>Louisiana State University</address><country>USA</country></cntaddr><cntvoice>(225) 578-3476</cntvoice><cntpos>Data Manager</cntpos></cntinfo></metc><metd Sync="TRUE">20070821</metd><metfrd>as needed</metfrd><metac>none</metac><metuc>none</metuc><metextns><onlink Sync="TRUE">http://www.esri.com/metadata/esriprof80.html</onlink><metprof Sync="TRUE">ESRI Metadata Profile</metprof></metextns></metainfo><mdLang><languageCode Sync="TRUE" value="en"></languageCode></mdLang><mdStanName Sync="TRUE">ISO 19115 Geographic Information - Metadata</mdStanName><mdStanVer Sync="TRUE">DIS_ESRI1.0</mdStanVer><mdChar><CharSetCd Sync="TRUE" value="004"></CharSetCd></mdChar><mdHrLv><ScopeCd Sync="TRUE" value="005"></ScopeCd></mdHrLv><mdHrLvName Sync="TRUE">dataset</mdHrLvName><distInfo><distributor><distorTran><onLineSrc><orDesc Sync="TRUE">002</orDesc><linkage Sync="TRUE">file://\\ANALEMMA\E$\LOSCO 2007 DVD\data\infrastructure\levees_USACE_2006.shp</linkage><protocol Sync="TRUE">Local Area Network</protocol></onLineSrc><transSize Sync="TRUE">3.551</transSize></distorTran><distorFormat><formatName Sync="TRUE">Shapefile</formatName></distorFormat></distributor></distInfo><spdoinfo><direct Sync="TRUE">Vector</direct><ptvctinf><esriterm Name="levees_USACE_2006"><efeatyp Sync="TRUE">Simple</efeatyp><efeageom Sync="TRUE">Polyline</efeageom><esritopo Sync="TRUE">FALSE</esritopo><efeacnt Sync="TRUE">9695</efeacnt><spindex Sync="TRUE">TRUE</spindex><linrefer Sync="TRUE">FALSE</linrefer></esriterm><sdtsterm Name="levees_USACE_2006"><sdtstype Sync="TRUE">String</sdtstype><ptvctcnt Sync="TRUE">9695</ptvctcnt></sdtsterm></ptvctinf></spdoinfo><spref><horizsys><cordsysn><geogcsn Sync="TRUE">GCS_North_American_1983</geogcsn></cordsysn><geodetic><horizdn Sync="TRUE">North American Datum of 1983</horizdn><ellips Sync="TRUE">Geodetic Reference System 80</ellips><semiaxis Sync="TRUE">6378137.000000</semiaxis><denflat Sync="TRUE">298.257222</denflat></geodetic><geograph><geogunit Sync="TRUE">Decimal degrees</geogunit><latres Sync="TRUE">0.000000</latres><longres Sync="TRUE">0.000000</longres></geograph></horizsys></spref><refSysInfo><RefSystem><refSysID><identCode Sync="TRUE">GCS_North_American_1983</identCode></refSysID></RefSystem></refSysInfo><spatRepInfo><VectSpatRep><topLvl><TopoLevCd Sync="TRUE" value="001"></TopoLevCd></topLvl><geometObjs Name="levees_USACE_2006"><geoObjTyp><GeoObjTypCd Sync="TRUE" value="001"></GeoObjTypCd></geoObjTyp><geoObjCnt Sync="TRUE">9695</geoObjCnt></geometObjs></VectSpatRep></spatRepInfo><eainfo><detailed Name="levees_USACE_2006"><attr><attrlabl Sync="TRUE">DXF_CURVE</attrlabl><attalias Sync="TRUE">DXF_CURVE</attalias><attrtype Sync="TRUE">Number</attrtype><attwidth Sync="TRUE">1</attwidth></attr><enttyp><enttypl Sync="TRUE">levees_USACE_2006</enttypl><enttypt Sync="TRUE">Feature Class</enttypt><enttypc Sync="TRUE">9695</enttypc></enttyp><attr><attrlabl Sync="TRUE">Shape</attrlabl><attalias Sync="TRUE">Shape</attalias><attrtype Sync="TRUE">Geometry</attrtype><attwidth Sync="TRUE">0</attwidth><atprecis Sync="TRUE">0</atprecis><attscale Sync="TRUE">0</attscale><attrdef Sync="TRUE">Feature geometry.</attrdef><attrdefs Sync="TRUE">ESRI</attrdefs><attrdomv><udom Sync="TRUE">Coordinates defining the features.</udom></attrdomv></attr><attr><attrlabl Sync="TRUE">FNODE_</attrlabl><attalias Sync="TRUE">FNODE_</attalias><attrtype Sync="TRUE">Float</attrtype><attwidth Sync="TRUE">19</attwidth><atnumdec Sync="TRUE">11</atnumdec></attr><attr><attrlabl Sync="TRUE">TNODE_</attrlabl><attalias Sync="TRUE">TNODE_</attalias><attrtype Sync="TRUE">Float</attrtype><attwidth Sync="TRUE">19</attwidth><atnumdec Sync="TRUE">11</atnumdec></attr><attr><attrlabl Sync="TRUE">LPOLY_</attrlabl><attalias Sync="TRUE">LPOLY_</attalias><attrtype Sync="TRUE">Float</attrtype><attwidth Sync="TRUE">19</attwidth><atnumdec Sync="TRUE">11</atnumdec></attr><attr><attrlabl Sync="TRUE">RPOLY_</attrlabl><attalias Sync="TRUE">RPOLY_</attalias><attrtype Sync="TRUE">Float</attrtype><attwidth Sync="TRUE">19</attwidth><atnumdec Sync="TRUE">11</atnumdec></attr><attr><attrlabl Sync="TRUE">LENGTH</attrlabl><attalias Sync="TRUE">LENGTH</attalias><attrtype Sync="TRUE">Float</attrtype><attwidth Sync="TRUE">19</attwidth><atnumdec Sync="TRUE">11</atnumdec></attr><attr><attrlabl Sync="TRUE">COELEVEESU</attrlabl><attalias Sync="TRUE">COELEVEESU</attalias><attrtype Sync="TRUE">Float</attrtype><attwidth Sync="TRUE">19</attwidth><atnumdec Sync="TRUE">11</atnumdec></attr><attr><attrlabl Sync="TRUE">COELEVEE_1</attrlabl><attalias Sync="TRUE">COELEVEE_1</attalias><attrtype Sync="TRUE">Float</attrtype><attwidth Sync="TRUE">19</attwidth><atnumdec Sync="TRUE">11</atnumdec></attr><attr><attrlabl Sync="TRUE">DXF_LAYER</attrlabl><attalias Sync="TRUE">DXF_LAYER</attalias><attrtype Sync="TRUE">String</attrtype><attwidth Sync="TRUE">31</attwidth></attr><attr><attrlabl Sync="TRUE">DXF_COLOR</attrlabl><attalias Sync="TRUE">DXF_COLOR</attalias><attrtype Sync="TRUE">Number</attrtype><attwidth Sync="TRUE">4</attwidth></attr><attr><attrlabl Sync="TRUE">DXF_THICKN</attrlabl><attalias Sync="TRUE">DXF_THICKN</attalias><attrtype Sync="TRUE">Float</attrtype><attwidth Sync="TRUE">19</attwidth><atnumdec Sync="TRUE">11</atnumdec></attr><attr><attrlabl Sync="TRUE">DXF_TYPE</attrlabl><attalias Sync="TRUE">DXF_TYPE</attalias><attrtype Sync="TRUE">String</attrtype><attwidth Sync="TRUE">10</attwidth></attr><attr><attrlabl Sync="TRUE">DXF_ELEVAT</attrlabl><attalias Sync="TRUE">DXF_ELEVAT</attalias><attrtype Sync="TRUE">Float</attrtype><attwidth Sync="TRUE">19</attwidth><atnumdec Sync="TRUE">11</atnumdec></attr><attr><attrlabl Sync="TRUE">DXF_HANDLE</attrlabl><attalias Sync="TRUE">DXF_HANDLE</attalias><attrtype Sync="TRUE">String</attrtype><attwidth Sync="TRUE">16</attwidth></attr><attr><attrlabl Sync="TRUE">FID</attrlabl><attalias Sync="TRUE">FID</attalias><attrtype Sync="TRUE">Number</attrtype><attwidth Sync="TRUE">4</attwidth><attrdef Sync="TRUE">Internal feature number.</attrdef><attrdefs Sync="TRUE">ESRI</attrdefs><attrdomv><udom Sync="TRUE">Sequential unique whole numbers that are automatically generated.</udom></attrdomv></attr><attr><attrlabl Sync="TRUE">Shape_Leng</attrlabl><attalias Sync="TRUE">Shape_Leng</attalias><attrtype Sync="TRUE">Float</attrtype><attwidth Sync="TRUE">19</attwidth><atnumdec Sync="TRUE">11</atnumdec></attr></detailed></eainfo><mdDateSt Sync="TRUE">20070821</mdDateSt><dataqual><lineage><procstep><procdesc Sync="TRUE">Dataset moved.</procdesc><srcused>incoming\COE\coelleveesutm</srcused><date Sync="TRUE">20070312</date><time Sync="TRUE">09441400</time></procstep><procstep><procdesc Sync="TRUE">Metadata imported.</procdesc><srcused>data\infrastructure\coelleveesutm.shp.xml</srcused><date Sync="TRUE">20070312</date><time Sync="TRUE">09461400</time></procstep></lineage></dataqual><distinfo><distrib><cntinfo><cntaddr><address>Louisiana Oil Spill Coordinator's Office</address><address>Office of the Governor</address><address>P.O. Box 94095</address><addrtype>mailing address</addrtype><city>Baton Rouge</city><state>Louisiana</state><postal>70804</postal><country>USA</country></cntaddr><cntorgp><cntorg>Louisiana Oil Spill Coordinator's Office</cntorg><cntper>David Gisclair</cntper></cntorgp><cntpos>Technical Assistance Program (TAP) Director</cntpos><cntvoice>(225) 219-5800</cntvoice><cntfax>(225) 219-5802</cntfax><cntemail>david.gisclair@la.gov</cntemail></cntinfo></distrib><stdorder><digform><digtinfo><formname>SHP and MDB</formname><formspec>ESRI Shapefile and Geodatabase (9.1)</formspec><transize>3.551</transize><dssize>3.551</dssize></digtinfo><digtopt><offoptn><offmedia>DVD-ROM</offmedia></offoptn><onlinopt><computer><networka><networkr>http://lagic.lsu.edu/data/losco/levees_USACE_2006.zip</networkr></networka></computer></onlinopt></digtopt></digform></stdorder><resdesc Sync="TRUE">Downloadable Data</resdesc></distinfo></metadata>
