<?xml version="1.0" encoding="ISO-8859-1"?>
<metadata>
<idinfo>
<citation>
<citeinfo>
<origin>US Army Corps of Engineers</origin>
<pubdate>2006</pubdate>
<title>Levees in Louisiana, Geographic NAD83, USACE (2006) [levees_usace_2006]</title>
<geoform>vector digital data</geoform>
<onlink>http://lagic.lsu.edu/data/losco/levees_USACE_2006.zip</onlink>
</citeinfo>
</citation>
<descript>
<abstract>Levees in Louisiana</abstract>
<purpose>Location of flood protection levees in Louisiana</purpose>
<supplinf>
A complete metadata record for this dataset was not available at the time this data was published.  Please visit the US Army Corps of Engineers web site for more details.
http://www.usace.army.mil/
</supplinf>
</descript>
<timeperd>
<timeinfo>
<sngdate>
<caldate>unknown</caldate>
</sngdate>
</timeinfo>
<current>unknown</current>
</timeperd>
<status>
<progress>unknown</progress>
<update>Unknown</update>
</status>
<spdom>
<bounding>
<westbc>-92.016335</westbc>
<eastbc>-89.352624</eastbc>
<northbc>31.153949</northbc>
<southbc>29.269228</southbc>
</bounding>
</spdom>
<keywords>
<theme>
<themekey>Infrastructure</themekey>
<themekey>Levee</themekey>
</theme>
<place>
<placekey>Louisiana</placekey>
</place>
</keywords>
<accconst>none</accconst>
<useconst>none</useconst>
<ptcontac>
<cntinfo>
<cntperp>
<cntorg>US Army Corps of Engineers</cntorg>
</cntperp>
</cntinfo>
</ptcontac>
<browse>
<browsen>&lt;URL: levees_USACE_2006.gif&gt;</browsen>
<browset>GIF</browset>
</browse>
<native>Microsoft Windows XP Version 5.1 (Build 2600) Service Pack 2; ESRI ArcCatalog 9.2.0.1324</native>
</idinfo>
<dataqual>
<lineage>
<procstep>
<procdesc>Dataset moved.</procdesc>
<srcused>incoming\COE\coelleveesutm</srcused>
</procstep>
<procstep>
<procdesc>Metadata imported.</procdesc>
<srcused>data\infrastructure\coelleveesutm.shp.xml</srcused>
</procstep>
</lineage>
</dataqual>
<spdoinfo>
<direct>Vector</direct>
<ptvctinf>
<sdtsterm>
<sdtstype>String</sdtstype>
<ptvctcnt>9695</ptvctcnt>
</sdtsterm>
</ptvctinf>
</spdoinfo>
<spref>
<horizsys>
<geograph>
<latres>0.000000</latres>
<longres>0.000000</longres>
<geogunit>Decimal degrees</geogunit>
</geograph>
<geodetic>
<horizdn>North American Datum of 1983</horizdn>
<ellips>Geodetic Reference System 80</ellips>
<semiaxis>6378137.000000</semiaxis>
<denflat>298.257222</denflat>
</geodetic>
</horizsys>
</spref>
<eainfo>
<detailed>
<enttyp>
<enttypl>levees_USACE_2006</enttypl>
</enttyp>
<attr>
<attrlabl>DXF_CURVE</attrlabl>
</attr>
<attr>
<attrlabl>Shape</attrlabl>
<attrdef>Feature geometry.</attrdef>
<attrdefs>ESRI</attrdefs>
<attrdomv>
<udom>Coordinates defining the features.</udom>
</attrdomv>
</attr>
<attr>
<attrlabl>FNODE_</attrlabl>
</attr>
<attr>
<attrlabl>TNODE_</attrlabl>
</attr>
<attr>
<attrlabl>LPOLY_</attrlabl>
</attr>
<attr>
<attrlabl>RPOLY_</attrlabl>
</attr>
<attr>
<attrlabl>LENGTH</attrlabl>
</attr>
<attr>
<attrlabl>COELEVEESU</attrlabl>
</attr>
<attr>
<attrlabl>COELEVEE_1</attrlabl>
</attr>
<attr>
<attrlabl>DXF_LAYER</attrlabl>
</attr>
<attr>
<attrlabl>DXF_COLOR</attrlabl>
</attr>
<attr>
<attrlabl>DXF_THICKN</attrlabl>
</attr>
<attr>
<attrlabl>DXF_TYPE</attrlabl>
</attr>
<attr>
<attrlabl>DXF_ELEVAT</attrlabl>
</attr>
<attr>
<attrlabl>DXF_HANDLE</attrlabl>
</attr>
<attr>
<attrlabl>FID</attrlabl>
<attrdef>Internal feature number.</attrdef>
<attrdefs>ESRI</attrdefs>
<attrdomv>
<udom>Sequential unique whole numbers that are automatically generated.</udom>
</attrdomv>
</attr>
<attr>
<attrlabl>Shape_Leng</attrlabl>
</attr>
</detailed>
</eainfo>
<distinfo>
<distrib>
<cntinfo>
<cntorgp>
<cntorg>Louisiana Oil Spill Coordinator&apos;s Office</cntorg>
<cntper>David Gisclair</cntper>
</cntorgp>
<cntpos>Technical Assistance Program (TAP) Director</cntpos>
<cntaddr>
<addrtype>mailing address</addrtype>
<address>Louisiana Oil Spill Coordinator&apos;s Office</address>
<address>Office of the Governor</address>
<address>P.O. Box 94095</address>
<city>Baton Rouge</city>
<state>Louisiana</state>
<postal>70804</postal>
<country>USA</country>
</cntaddr>
<cntvoice>(225) 219-5800</cntvoice>
<cntfax>(225) 219-5802</cntfax>
<cntemail>david.gisclair@la.gov</cntemail>
</cntinfo>
</distrib>
<resdesc>Downloadable Data</resdesc>
<stdorder>
<digform>
<digtinfo>
<formname>SHP and MDB</formname>
<formspec>ESRI Shapefile and Geodatabase (9.1)</formspec>
<transize>3.551</transize>
</digtinfo>
<digtopt>
<onlinopt>
<computer>
<networka>
<networkr>http://lagic.lsu.edu/data/losco/levees_USACE_2006.zip</networkr>
</networka>
</computer>
</onlinopt>
<offoptn>
<offmedia>DVD-ROM</offmedia>
</offoptn>
</digtopt>
</digform>
</stdorder>
</distinfo>
<metainfo>
<metd>20070821</metd>
<metfrd>as needed</metfrd>
<metc>
<cntinfo>
<cntorgp>
<cntorg>Louisiana Geographic Infromation Center (LAGIC)</cntorg>
</cntorgp>
<cntpos>Data Manager</cntpos>
<cntaddr>
<addrtype>mailing and physical address</addrtype>
<address>E313 Howe-Russell</address>
<address>School of the Coast &amp; Environment</address>
<address>Louisiana State University</address>
<city>Baton Rouge</city>
<state>Louisiana</state>
<postal>70803</postal>
<country>USA</country>
</cntaddr>
<cntvoice>(225) 578-3476</cntvoice>
</cntinfo>
</metc>
<metstdn>FGDC Content Standards for Digital Geospatial Metadata</metstdn>
<metstdv>FGDC-STD-001-1998</metstdv>
<mettc>local time</mettc>
<metac>none</metac>
<metuc>none</metuc>
<metextns>
<onlink>http://www.esri.com/metadata/esriprof80.html</onlink>
<metprof>ESRI Metadata Profile</metprof>
</metextns>
</metainfo>
</metadata>
