<?xml version="1.0" encoding="ISO-8859-1"?>
<metadata>
	<idinfo>
		<citation>
			<citeinfo>
				<origin>
U.S. Department of Commerce
U.S. Census Bureau
Geography Division
</origin>
				<pubdate>1993</pubdate>
				<title Sync="TRUE">cnogis.CNOGISOWNER.blockgroup_1990</title>
				<edition>1992</edition>
				<serinfo>
					<sername>TIGER/Line Files</sername>
					<issue>
Each file contains a version code that
uniquely identifies each specific release of a version of the
TIGER/Line files. The version code for the 1992 TIGER/Line
files is 0005.
</issue>
				</serinfo>
				<pubinfo>
					<pubplace>Washington, DC</pubplace>
					<publish>
U.S. Department of Commerce
U.S. Census Bureau
Geography Division
</publish>
				</pubinfo>
				<ftname Sync="TRUE">cnogis.CNOGISOWNER.blockgroup_1990</ftname><onlink Sync="TRUE"></onlink><geoform Sync="TRUE">vector digital data</geoform></citeinfo>
		</citation>
		<descript>
			<abstract>TIGER, TIGER/Line, and Census TIGER are registered trademarks of the U.S. Census Bureau. The 1990 TIGER/Line files are an extract of selected geographic and cartographic information from the Census TIGER database.  

A census block group (BG) is a cluster of census blocks having the same first digit of their four-digit identifying numbers within a census tract. For example, block group 3 (BG 3) within a census tract includes all blocks numbered from 3000 to 3999. BGs generally contain between 600 and 3,000 people, with an optimum size of 1,500 people. Most BGs were delineated by local participants as part of the U.S. Census Bureau's Participant Statistical Areas Program. 

BGs never cross the boundaries of states, parishes, or statistically equivalent entities, except for a BG delineated by American Indian tribal authorities, and then only when tabulated within the American Indian hierarchy. BGs never cross the boundaries of census tracts, but may cross the boundary of any other geographic entity required as a census block boundary. 
</abstract>
			<purpose>In order for others to use the information in the Census TIGER database in a geographic information system (GIS) or for other geographic applications, the Census Bureau releases to the public extracts of the database in the form of TIGER/Line files.  

These data are appropriate for use in local and regional demographic analysis.</purpose>
			<supplinf>
To find out more about TIGER/Line files and other Census TIGER
database derived data sets visit http://www.census.gov/geo/www/tiger.
</supplinf>
			<langdata Sync="TRUE">en</langdata></descript>
		<timeperd>
			<timeinfo>
				<sngdate>
					<caldate>1992</caldate>
				</sngdate>
			</timeinfo>
			<current>1992</current>
		</timeperd>
		<status>
			<progress>Complete</progress>
			<update>
TIGER/Line files are extracted from the Census TIGER database when
needed for geographic programs required to support the census and
survey programs of the Census Bureau.  No changes or updates will
be made to the 1992 TIGER/Line files.  Future releases of TIGER/Line
files will reflect updates made to the Census TIGER database and
will be released under a version numbering system based on the month
and year the data is extracted.
</update>
		</status>
		<spdom>
			<bounding>
				<westbc Sync="TRUE">-90.140909</westbc>
				<eastbc Sync="TRUE">-89.624859</eastbc>
				<northbc Sync="TRUE">30.179092</northbc>
				<southbc Sync="TRUE">29.863049</southbc>
			</bounding>
			<lboundng><leftbc Sync="TRUE">3658763.902526</leftbc><rightbc Sync="TRUE">3820659.398869</rightbc><bottombc Sync="TRUE">499700.814245</bottombc><topbc Sync="TRUE">612594.863118</topbc></lboundng></spdom>
		<keywords>
			<theme>
				<themekt>FGDC Framework Themes</themekt>
				<themekey>GOVERNMENTAL UNITS</themekey>
			</theme>
			<theme>
				<themekt>None</themekt>
				<themekey>Line Feature</themekey>
				<themekey>Feature Identifier</themekey>
				<themekey>Census Feature Class Code (CFCC)</themekey>
				<themekey>Address Range</themekey>
				<themekey>Geographic Entity</themekey>
				<themekey>Point/Node</themekey>
				<themekey>Landmark Feature</themekey>
				<themekey>Legal Boundary</themekey>
				<themekey>Statistical Boundary</themekey>
				<themekey>Polygon</themekey>
				<themekey>County and Statistical Equivalents</themekey>
				<themekey>TIGER/Line</themekey>
				<themekey>Topology</themekey>
				<themekey>Street Centerline</themekey>
				<themekey>Latitude/Longitude</themekey>
				<themekey>ZIP Code</themekey>
				<themekey>Vector</themekey>
				<themekey>TIGER/Line Identification Number (TLID)</themekey>
				<themekey>Street Segment</themekey>
				<themekey>Coordinate</themekey>
				<themekey>Boundary</themekey>
				<themekey>1980 Geography</themekey>
			</theme>
			<place>
				<placekt>
FIPS Publication 6-4
FIPS Publication 55
</placekt>
				<placekey>United States</placekey>
				<placekey>Louisiana</placekey><placekey>Orleans</placekey></place>
			<place><placekt>county</placekt><placekey>parish</placekey></place></keywords>
		<accconst>None</accconst>
		<useconst>None.  City of New Orleans GIS would like to acknowledge the U.S. Census Bureau for the products derived from these files.  TIGER, TIGER/Line, and Census TIGER are registered trademarks of the U.S. Census Bureau.</useconst>
		<native Sync="TRUE">Microsoft Windows Vista Version 6.1 (Build 7600) ; ESRI ArcCatalog 9.3.1.3000</native>
		<natvform Sync="TRUE">SDE Feature Class</natvform></idinfo>
	<dataqual>
		<attracc>
			<attraccr>
Accurate against Federal information Processing Standards
(FIPS), FIPS Publication 6-4, and FIPS-55 at the 100% level for the
codes and base names.  The remaining attribute information has been
examined but has not been fully tested for accuracy.
</attraccr>
		</attracc>
		<logic>
The feature network of lines (as represented by Record Types 1 and 2)
is compete for census purposes.  Spatial objects in TIGER/Line belong
to the "Geometry and topology" (GT) class of objects in the "Spatial
Data Transfer Standard" (SDTS) FIPS Publication 173 and are
topologically valid.  Node/geometry and topology (GT)-polygon/chain
relationships are collected or generated to satisfy topological edit
requirements.  These requirements include:
* Complete chains must begin and end at nodes.
* Complete chains must connect to each other at nodes.
* Complete chains do not extend through nodes.
* Left and right GT-polygons are defined for each complete chain element
and are consistent throughout the extract process.
* the chains representing the limits of the files are free of gaps.
The Census Bureau performed automated tests to ensure logical
consistency and limits of files.  All polygons are tested for closure.
The Census Bureau uses its internally developed Geographic Update System
to enhance and modify spatial and attribute data in the Census TIGER
database.  Standard geographic codes, such as FIPS codes for states,
counties, municipalities, and places, are used when encoding spatial
entities.  The Census Bureau performed spatial data tests for logical
consistency of the codes during the compilation of the original Census
TIGER database files.  Most of the Codes themselves were provided to the
Census Bureau by the USGS, the agency responsible for maintaining FIPS
55. Feature attribute information has been examined but has not been
fully tested for consistency.
</logic>
		<complete>
Data completeness of the TIGER/Line files reflects the contents of the
Census TIGER database at the time the TIGER/Line files (1992 version)
were created.
</complete>
		<posacc>
			<horizpa>
				<horizpar>
The information present in these files is provided for the purposes
of statistical analysis and census operations only.  Coordinates in
the TIGER/Line files have six implied decimal places, but the
positional accuracy of these coordinates is not as great as the six
decimal places suggest.  The positional accuracy varies with the
source materials used, but generally the information is no better
than the established national map Accuracy standards for 1:100,000-
scale maps from the U.S. Geological Survey (USGS); thus it is NOT
suitable for high-precision measurement applications such as
engineering problems, property transfers, or other uses that might
require highly accurate measurements of the earth's surface.  The
USGS 1:100,000-scale maps met national map accuracy standards.  For
the contiguous 48 States, the cartographic fidelity of most of the
1992 TIGER/Line files, in areas outside the 1980 census Geographic
Base File/Dual Independent map Encoding (GBF/DIME) file coverage
and selected other large metropolitan areas, compare favorable with
the USGS 1:100,000-scale maps.  The Census Bureau cannot specify the
accuracy of features inside of what was the 1980 GBF/DIME-File
coverage or selected metropolitan areas.  Despite the fact the
TIGER/Line data positional accuracy is not as high as the coordinate
values imply, the six-decimal place precision is useful when
producing maps.  The precision allows features that are next to each
other on the ground to be placed in the correct position on the
map, relative to each other, without overlap.
</horizpar>
			</horizpa>
		</posacc>
		<lineage>
			<srcinfo>
				<srccite>
					<citeinfo>
						<origin>
U.S. Department of Commerce
U.S. Census Bureau
Geography Division
</origin>
						<pubdate>Unpublished material</pubdate>
						<title>Census TIGER database</title>
						<edition>1992</edition>
					</citeinfo>
				</srccite>
				<typesrc>On line</typesrc>
				<srctime>
					<timeinfo>
						<sngdate>
							<caldate>1992</caldate>
						</sngdate>
					</timeinfo>
					<srccurr>
Date the file was made available to create TIGER/Line
File extracts.
</srccurr>
				</srctime>
				<srccitea>TIGER</srccitea>
				<srccontr>
Selected geographic and cartographic information (line segments)
from the Census TIGER database.
</srccontr>
			</srcinfo>
			<procstep>
				<procdesc>
In order for others to use the information in the Census TIGER
database in a GIS or for other geographic applications, the
Census Bureau releases periodic extracts of selected information
from the Census TIGER database, organized as topologically
consistent networks.  Software (TIGER DB routines) written by
the Geography Division allows for efficient access to Census
TIGER system data.  TIGER/Line files are extracted from the
Census TIGER database by county or statistical equivalent area.
Census TIGER data for a given county or statistical equivalent
area is then distributed among 14 fixed length record ASCII
files, each one containing attributes for either line, polygon,
or landmark geographic data types.  The U.S. Census Bureau has
released various versions of the TIGER/Line files since 1988,
with each version having more updates (feature and feature names,
address ranges and ZIP Codes, coordinate updates, revised field
definitions, etc.) than the previous version.
</procdesc>
				<srcused>Census TIGER database</srcused>
				<procdate>1992</procdate>
			</procstep>
			<procstep><procdesc Sync="TRUE">Metadata imported.</procdesc><srcused Sync="TRUE">C:\DOCUME~1\CWTHOR~1\LOCALS~1\Temp\xml2DA.tmp</srcused><date Sync="TRUE">20061015</date><time Sync="TRUE">16312300</time></procstep><procstep><procdesc Sync="TRUE">Dataset copied.</procdesc><srcused Sync="TRUE">X:\GIS-RAW\GIS_Working\COP\Metadata\Working\Charlena\blockgroup_1990.txt</srcused><date Sync="TRUE">20061015</date><time Sync="TRUE">16413500</time></procstep><procstep><procdesc Sync="TRUE">Dataset moved.</procdesc><srcused Sync="TRUE">X:\GIS-RAW\GIS_Working\COP\Metadata\Working\Charlena\x_blockgroup_1990.txt</srcused><date Sync="TRUE">20061015</date><time Sync="TRUE">17113000</time></procstep><procstep><procdesc Sync="TRUE">Metadata imported.</procdesc><srcused Sync="TRUE">X:\GIS-RAW\GIS_Working\COP\Metadata\Outgoing\x_blockgroup_1990.txt.xml</srcused><date Sync="TRUE">20061015</date><time Sync="TRUE">17123400</time></procstep><procstep><procdesc Sync="TRUE">Dataset copied.</procdesc><srcused Sync="TRUE">Server=10.4.1.119; Service=5151; Database=cnogis; User=cnogisowner; Version=sde.DEFAULT</srcused><procdate Sync="TRUE">20110708</procdate><proctime Sync="TRUE">13113300</proctime></procstep></lineage>
	</dataqual>
	<spdoinfo>
		<indspref>
Federal Information Processing Standards (FIPS) and feature names
and addresses.
</indspref>
		<direct Sync="TRUE">Vector</direct>
		<ptvctinf>
			<sdtsterm Name="cnogis.CNOGISOWNER.blockgroup_1990">
				<sdtstype Sync="TRUE">G-polygon</sdtstype>
				<ptvctcnt Sync="TRUE">657</ptvctcnt>
			</sdtsterm>
			<sdtsterm>
				<sdtstype>Entity point</sdtstype>
			</sdtsterm>
			<sdtsterm>
				<sdtstype>Complete chain</sdtstype>
				<ptvctcnt>15 to 303,000</ptvctcnt>
			</sdtsterm>
			<sdtsterm>
				<sdtstype>GT-polygon composed of chains</sdtstype>
				<ptvctcnt>5 to 100.200</ptvctcnt>
			</sdtsterm>
			<esriterm Name="cnogis.CNOGISOWNER.blockgroup_1990"><efeatyp Sync="TRUE">Simple</efeatyp><efeageom Sync="TRUE">Polygon</efeageom><esritopo Sync="TRUE">FALSE</esritopo><efeacnt Sync="TRUE">657</efeacnt><spindex Sync="TRUE">TRUE</spindex><linrefer Sync="TRUE">FALSE</linrefer></esriterm></ptvctinf>
	</spdoinfo>
	<spref>
		<horizsys>
			<cordsysn><geogcsn Sync="TRUE">GCS_North_American_1983</geogcsn><projcsn Sync="TRUE">NAD_1983_StatePlane_Louisiana_South_FIPS_1702_Feet</projcsn></cordsysn><planar><planci><plance Sync="TRUE">coordinate pair</plance><plandu Sync="TRUE">survey feet</plandu><coordrep><absres Sync="TRUE">0.000256</absres><ordres Sync="TRUE">0.000256</ordres></coordrep></planci><gridsys><gridsysn Sync="TRUE">State Plane Coordinate System 1983</gridsysn><spcs><spcszone Sync="TRUE">1702</spcszone><lambertc><stdparll Sync="TRUE">29.300000</stdparll><stdparll Sync="TRUE">30.700000</stdparll><longcm Sync="TRUE">-91.333333</longcm><latprjo Sync="TRUE">28.500000</latprjo><feast Sync="TRUE">3280833.333333</feast><fnorth Sync="TRUE">0.000000</fnorth></lambertc></spcs></gridsys></planar><geodetic><horizdn Sync="TRUE">North American Datum of 1983</horizdn><ellips Sync="TRUE">Geodetic Reference System 80</ellips><semiaxis Sync="TRUE">6378137.000000</semiaxis><denflat Sync="TRUE">298.257222</denflat></geodetic></horizsys>
		<vertdef><altsys><altenc Sync="TRUE">Explicit elevation coordinate included with horizontal coordinates</altenc><altres Sync="TRUE">1.000000</altres></altsys></vertdef></spref>
	<eainfo>
		<overview>
			<eaover>
The TIGER/Line files contain data describing three major
types of features/entities;
Line Features -
1) Roads
2) Railroads
3) Hydrography
4) Miscellaneous transportation features and selected power lines and
pipe lines
5) Legal (governmental unit) and statistical boundaries
Landmark Features -
1) Point landmarks, e.g., schools and churches.
2) Area landmarks, e.g., Parks and cemeteries.
Polygon features -
1) Geographic entity codes for areas used to tabulate the 1990 census
statistical data, current geographic areas, and 1980 geographic areas
2) Locations of area landmarks
The line features and polygon information form the majority of data in
the TIGER/Line files.  Some of the data/attributes describing the
lines include coordinates, feature identifiers (names), CFCCs (used to
identify the most noticeable characteristic of a feature), address
ranges, and geographic entity codes.  The 1980 block numbers shown in
the 1992 TIGER/Line files may not agree with the number used in the
1980 census for the equivalent area.  The Census Bureau made changes
to the 1980 block assignments in order to insert the 1980 block
numbers into the Census TIGER database.  If the street pattern changed
between 1980 and 1990, the block numbers will be different.  Data
users concerned with the correctness of the 1980 block numbers are
advised to check them against the maps published with the 1980 Block
Statistics Reports, the Metropolitan Map Series.  The Census Bureau
includes landmark features on an as-needed-basis and has made no
attempt to ensure that all instances of a particular landmark feature
were included.  The TIGER/Line files contain point and area labels
that describe landmark features and provide locational reference.
Area landmarks consist of a feature name or label and feature type
assigned to a polygon or group of polygons.  Landmarks may overlap
or refer to the same set of polygons.  The Census TIGER database
uses collections of spatial objects (points, lines, and polygons)
to model or describe real-world geography.  The Census Bureau uses
these spatial objects to represent features such as streets, rivers,
and legal boundaries and assigns attributes to these features to
identify and describe specific features such as the 500 block of
Market Street in Philadelphia, Pennsylvania.
</eaover>
			<eadetcit>
U.S. Census Bureau, TIGER/Line files,
1992 Technical Documentation.  The TIGER/Line documentation defines
the terms and definitions used within the files.
</eadetcit>
		</overview>
		<detailed Name="cnogis.CNOGISOWNER.blockgroup_1990"><enttyp><enttypl Sync="TRUE">cnogis.CNOGISOWNER.blockgroup_1990</enttypl><enttypt Sync="TRUE">Feature Class</enttypt><enttypc Sync="TRUE">657</enttypc></enttyp><attr><attrlabl Sync="TRUE">OBJECTID</attrlabl><attalias Sync="TRUE">OBJECTID</attalias><attrtype Sync="TRUE">OID</attrtype><attwidth Sync="TRUE">4</attwidth><atprecis Sync="TRUE">10</atprecis><attscale Sync="TRUE">0</attscale><attrdef Sync="TRUE">Internal feature number.</attrdef><attrdefs Sync="TRUE">ESRI</attrdefs><attrdomv><udom Sync="TRUE">Sequential unique whole numbers that are automatically generated.</udom></attrdomv></attr><attr><attrlabl Sync="TRUE">cnogis.CNOGISOWNER.blockgroup_1990.AREA</attrlabl><attalias Sync="TRUE">cnogis.CNOGISOWNER.blockgroup_1990.AREA</attalias><attrtype Sync="TRUE">Double</attrtype><attwidth Sync="TRUE">8</attwidth><atprecis Sync="TRUE">38</atprecis><attscale Sync="TRUE">8</attscale></attr><attr><attrlabl Sync="TRUE">PERIMETER</attrlabl><attalias Sync="TRUE">PERIMETER</attalias><attrtype Sync="TRUE">Double</attrtype><attwidth Sync="TRUE">8</attwidth><atprecis Sync="TRUE">38</atprecis><attscale Sync="TRUE">8</attscale></attr><attr><attrlabl Sync="TRUE">BG022071_</attrlabl><attalias Sync="TRUE">BG022071_</attalias><attrtype Sync="TRUE">Double</attrtype><attwidth Sync="TRUE">8</attwidth><atprecis Sync="TRUE">38</atprecis><attscale Sync="TRUE">8</attscale></attr><attr><attrlabl Sync="TRUE">BG022071_I</attrlabl><attalias Sync="TRUE">BG022071_I</attalias><attrtype Sync="TRUE">Double</attrtype><attwidth Sync="TRUE">8</attwidth><atprecis Sync="TRUE">38</atprecis><attscale Sync="TRUE">8</attscale></attr><attr><attrlabl Sync="TRUE">BLOCKGROUP</attrlabl><attalias Sync="TRUE">BLOCKGROUP</attalias><attrtype Sync="TRUE">String</attrtype><attwidth Sync="TRUE">1</attwidth><atprecis Sync="TRUE">0</atprecis><attscale Sync="TRUE">0</attscale></attr><attr><attrlabl Sync="TRUE">BKG_KEY</attrlabl><attalias Sync="TRUE">BKG_KEY</attalias><attrtype Sync="TRUE">String</attrtype><attwidth Sync="TRUE">12</attwidth><atprecis Sync="TRUE">0</atprecis><attscale Sync="TRUE">0</attscale></attr><attr><attrlabl Sync="TRUE">SQ_MILES</attrlabl><attalias Sync="TRUE">SQ_MILES</attalias><attrtype Sync="TRUE">Double</attrtype><attwidth Sync="TRUE">8</attwidth><atprecis Sync="TRUE">38</atprecis><attscale Sync="TRUE">8</attscale></attr><attr><attrlabl Sync="TRUE">PERSONS</attrlabl><attalias Sync="TRUE">PERSONS</attalias><attrtype Sync="TRUE">Double</attrtype><attwidth Sync="TRUE">8</attwidth><atprecis Sync="TRUE">38</atprecis><attscale Sync="TRUE">8</attscale></attr><attr><attrlabl Sync="TRUE">WHITE</attrlabl><attalias Sync="TRUE">WHITE</attalias><attrtype Sync="TRUE">Double</attrtype><attwidth Sync="TRUE">8</attwidth><atprecis Sync="TRUE">38</atprecis><attscale Sync="TRUE">8</attscale></attr><attr><attrlabl Sync="TRUE">BLACK</attrlabl><attalias Sync="TRUE">BLACK</attalias><attrtype Sync="TRUE">Double</attrtype><attwidth Sync="TRUE">8</attwidth><atprecis Sync="TRUE">38</atprecis><attscale Sync="TRUE">8</attscale></attr><attr><attrlabl Sync="TRUE">AMERIND</attrlabl><attalias Sync="TRUE">AMERIND</attalias><attrtype Sync="TRUE">Double</attrtype><attwidth Sync="TRUE">8</attwidth><atprecis Sync="TRUE">38</atprecis><attscale Sync="TRUE">8</attscale></attr><attr><attrlabl Sync="TRUE">ASIAN</attrlabl><attalias Sync="TRUE">ASIAN</attalias><attrtype Sync="TRUE">Double</attrtype><attwidth Sync="TRUE">8</attwidth><atprecis Sync="TRUE">38</atprecis><attscale Sync="TRUE">8</attscale></attr><attr><attrlabl Sync="TRUE">OTH_RACE</attrlabl><attalias Sync="TRUE">OTH_RACE</attalias><attrtype Sync="TRUE">Double</attrtype><attwidth Sync="TRUE">8</attwidth><atprecis Sync="TRUE">38</atprecis><attscale Sync="TRUE">8</attscale></attr><attr><attrlabl Sync="TRUE">HISPANIC</attrlabl><attalias Sync="TRUE">HISPANIC</attalias><attrtype Sync="TRUE">Double</attrtype><attwidth Sync="TRUE">8</attwidth><atprecis Sync="TRUE">38</atprecis><attscale Sync="TRUE">8</attscale></attr><attr><attrlabl Sync="TRUE">NON_HISP</attrlabl><attalias Sync="TRUE">NON_HISP</attalias><attrtype Sync="TRUE">Double</attrtype><attwidth Sync="TRUE">8</attwidth><atprecis Sync="TRUE">38</atprecis><attscale Sync="TRUE">8</attscale></attr><attr><attrlabl Sync="TRUE">MDN_INCM</attrlabl><attalias Sync="TRUE">MDN_INCM</attalias><attrtype Sync="TRUE">Double</attrtype><attwidth Sync="TRUE">8</attwidth><atprecis Sync="TRUE">38</atprecis><attscale Sync="TRUE">8</attscale></attr><attr><attrlabl Sync="TRUE">AGE0_5</attrlabl><attalias Sync="TRUE">AGE0_5</attalias><attrtype Sync="TRUE">Double</attrtype><attwidth Sync="TRUE">8</attwidth><atprecis Sync="TRUE">38</atprecis><attscale Sync="TRUE">8</attscale></attr><attr><attrlabl Sync="TRUE">AGE6_17</attrlabl><attalias Sync="TRUE">AGE6_17</attalias><attrtype Sync="TRUE">Double</attrtype><attwidth Sync="TRUE">8</attwidth><atprecis Sync="TRUE">38</atprecis><attscale Sync="TRUE">8</attscale></attr><attr><attrlabl Sync="TRUE">AGE18_64</attrlabl><attalias Sync="TRUE">AGE18_64</attalias><attrtype Sync="TRUE">Double</attrtype><attwidth Sync="TRUE">8</attwidth><atprecis Sync="TRUE">38</atprecis><attscale Sync="TRUE">8</attscale></attr><attr><attrlabl Sync="TRUE">AGE65_</attrlabl><attalias Sync="TRUE">AGE65_</attalias><attrtype Sync="TRUE">Double</attrtype><attwidth Sync="TRUE">8</attwidth><atprecis Sync="TRUE">38</atprecis><attscale Sync="TRUE">8</attscale></attr><attr><attrlabl Sync="TRUE">PER_CAP</attrlabl><attalias Sync="TRUE">PER_CAP</attalias><attrtype Sync="TRUE">Double</attrtype><attwidth Sync="TRUE">8</attwidth><atprecis Sync="TRUE">38</atprecis><attscale Sync="TRUE">8</attscale></attr><attr><attrlabl Sync="TRUE">HOUSES</attrlabl><attalias Sync="TRUE">HOUSES</attalias><attrtype Sync="TRUE">Double</attrtype><attwidth Sync="TRUE">8</attwidth><atprecis Sync="TRUE">38</atprecis><attscale Sync="TRUE">8</attscale></attr><attr><attrlabl Sync="TRUE">VACANT</attrlabl><attalias Sync="TRUE">VACANT</attalias><attrtype Sync="TRUE">Double</attrtype><attwidth Sync="TRUE">8</attwidth><atprecis Sync="TRUE">38</atprecis><attscale Sync="TRUE">8</attscale></attr><attr><attrlabl Sync="TRUE">OCCUPIED</attrlabl><attalias Sync="TRUE">OCCUPIED</attalias><attrtype Sync="TRUE">Double</attrtype><attwidth Sync="TRUE">8</attwidth><atprecis Sync="TRUE">38</atprecis><attscale Sync="TRUE">8</attscale></attr><attr><attrlabl Sync="TRUE">OWNER_OCC</attrlabl><attalias Sync="TRUE">OWNER_OCC</attalias><attrtype Sync="TRUE">Double</attrtype><attwidth Sync="TRUE">8</attwidth><atprecis Sync="TRUE">38</atprecis><attscale Sync="TRUE">8</attscale></attr><attr><attrlabl Sync="TRUE">RENTER_OCC</attrlabl><attalias Sync="TRUE">RENTER_OCC</attalias><attrtype Sync="TRUE">Double</attrtype><attwidth Sync="TRUE">8</attwidth><atprecis Sync="TRUE">38</atprecis><attscale Sync="TRUE">8</attscale></attr><attr><attrlabl Sync="TRUE">MDN_YEAR</attrlabl><attalias Sync="TRUE">MDN_YEAR</attalias><attrtype Sync="TRUE">Double</attrtype><attwidth Sync="TRUE">8</attwidth><atprecis Sync="TRUE">38</atprecis><attscale Sync="TRUE">8</attscale></attr><attr><attrlabl Sync="TRUE">MDN_VALUE</attrlabl><attalias Sync="TRUE">MDN_VALUE</attalias><attrtype Sync="TRUE">Double</attrtype><attwidth Sync="TRUE">8</attwidth><atprecis Sync="TRUE">38</atprecis><attscale Sync="TRUE">8</attscale></attr><attr><attrlabl Sync="TRUE">Z_HOUR_</attrlabl><attalias Sync="TRUE">Z_HOUR_</attalias><attrtype Sync="TRUE">Double</attrtype><attwidth Sync="TRUE">8</attwidth><atprecis Sync="TRUE">38</atprecis><attscale Sync="TRUE">8</attscale></attr><attr><attrlabl Sync="TRUE">ACRES</attrlabl><attalias Sync="TRUE">ACRES</attalias><attrtype Sync="TRUE">Double</attrtype><attwidth Sync="TRUE">8</attwidth><atprecis Sync="TRUE">38</atprecis><attscale Sync="TRUE">8</attscale></attr><attr><attrlabl Sync="TRUE">POP_ACRE</attrlabl><attalias Sync="TRUE">POP_ACRE</attalias><attrtype Sync="TRUE">Double</attrtype><attwidth Sync="TRUE">8</attwidth><atprecis Sync="TRUE">38</atprecis><attscale Sync="TRUE">8</attscale></attr><attr><attrlabl Sync="TRUE">SHAPE</attrlabl><attalias Sync="TRUE">Shape</attalias><attrtype Sync="TRUE">Geometry</attrtype><attwidth Sync="TRUE">4</attwidth><atprecis Sync="TRUE">0</atprecis><attscale Sync="TRUE">0</attscale><attrdef Sync="TRUE">Feature geometry.</attrdef><attrdefs Sync="TRUE">ESRI</attrdefs><attrdomv><udom Sync="TRUE">Coordinates defining the features.</udom></attrdomv></attr><attr><attrlabl Sync="TRUE">SHAPE.area</attrlabl><attalias Sync="TRUE">SHAPE.area</attalias><attrtype Sync="TRUE">Double</attrtype><attwidth Sync="TRUE">0</attwidth><atprecis Sync="TRUE">0</atprecis><attscale Sync="TRUE">0</attscale></attr><attr><attrlabl Sync="TRUE">SHAPE.len</attrlabl><attalias Sync="TRUE">SHAPE.len</attalias><attrtype Sync="TRUE">Double</attrtype><attwidth Sync="TRUE">0</attwidth><atprecis Sync="TRUE">0</atprecis><attscale Sync="TRUE">0</attscale></attr></detailed></eainfo>
	<distinfo>
		<distrib>
			<cntinfo>
				<cntorgp>
					<cntorg>
U.S. Department of Commerce
U.S. Census Bureau
Geography Division
Geographic Products Management Branch
</cntorg>
				</cntorgp>
				<cntaddr>
					<addrtype>Physical address</addrtype>
					<address>8903 Presidential Parkway, Room 520 WP I</address>
					<city>Upper Marlboro</city>
					<state>Maryland</state>
					<postal>20772</postal>
				</cntaddr>
				<cntaddr>
					<addrtype>Mailing address</addrtype>
					<address>U.S. Census Bureau</address>
					<city>4700 Silver Hill Road, Stop 7400</city>
					<state>District of Columbia</state>
					<postal>20233-7400</postal>
				</cntaddr>
				<cntvoice>(301) 763-1128</cntvoice>
				<cntvoice>(301) 763-1128</cntvoice>
				<cntfax>
(301) 457-4710
Contact_Electronic _Mail_Address: tiger@census.gov
</cntfax>
			</cntinfo>
		</distrib>
		<resdesc>1992 TIGER/Line Files</resdesc>
		<distliab>
No warranty, expressed or implied is made and no liability is
assumed by the U.S. Government in general or the U.S. Census Bureau in
specific as to the positional or attribute accuracy of the data.  The
act of distribution shall not constitute any such warranty and no
responsibility is assumed by the U.S. Government in the use of these
files.  The boundary information in the TIGER/Line files are for
statistical data collection and tabulation purposes only; their
depiction and designation for statistical purposes does not constitute
a determination of jurisdictional authority or rights of ownership
or entitlement.
</distliab>
		<stdorder>
			<digform>
				<digtinfo>
					<formname>TGRLN (uncompressed)</formname>
					<formvern>1992</formvern>
					<filedec>No compression applied.</filedec>
				</digtinfo>
				<digtopt>
					<onlinopt>
						<computer>
							<networka>
								<networkr>www.census.gov/geo/www/tiger</networkr>
							</networka>
						</computer>
					</onlinopt>
				</digtopt>
			</digform>
			<fees>
The 1992 TIGER/Line files are uncompressed and available on
CD-ROM.  In most instances a state comes on one disc; in other
instances, files for several states come on one CD-ROM.  Larger
states are split by county and come on more than one disc.  If
purchased individually, each CD-ROM costs $60.  The complete set
of 44 discs costs $1,100.
</fees>
			<ordering>
To obtain more information about ordering TIGER/Line files
visit http://www.census.gov/geo/www/tiger.  To purchase the 1992
TIGER/Line files call the Census Bureau's Customer Services Center
at (301) 763-4636.
</ordering>
		</stdorder>
		<techpreq>
The 1992 TIGER/Line files contain geographic data
only and do not include display or mapping software or statistical
data.  For information on how to use the TIGER/Line data with a specific
software package users should contact the company that produced the
software.  A list of some vendors who have developed software capable
of processing TIGER/Line files can be found by visiting
http://www.census.gov/geo/www/tiger.  The Census Bureau provides
TIGER/Line files in ASCII text format only.  Users are responsible for
converting or translating the files into a format used by their specific
software package.
</techpreq>
	</distinfo>
	<metainfo>
		<metd Sync="TRUE">20110708</metd>
		<metc>
			<cntinfo>
				<cntorgp>
					<cntorg>
U.S. Department of Commerce
U.S. Census Bureau
Geography Division
Geographic Products Management Branch
</cntorg>
					<cntper>REQUIRED: The person responsible for the metadata information.</cntper></cntorgp>
				<cntaddr>
					<addrtype>Physical Address</addrtype>
					<address>8903 Presidential Parkway, Room 520 WP I</address>
					<city>Upper Marlboro</city>
					<state>Maryland</state>
					<postal>20772</postal>
				</cntaddr>
				<cntvoice>(301) 763-1128</cntvoice>
				<cntemail>tiger@census.gov</cntemail>
			</cntinfo>
		</metc>
		<metstdn Sync="TRUE">FGDC Content Standards for Digital Geospatial Metadata</metstdn>
		<metstdv Sync="TRUE">FGDC-STD-001-1998</metstdv>
		<langmeta Sync="TRUE">en</langmeta><mettc Sync="TRUE">local time</mettc><metextns><onlink Sync="TRUE">http://www.esri.com/metadata/esriprof80.html</onlink><metprof Sync="TRUE">ESRI Metadata Profile</metprof></metextns></metainfo>
	<Esri><CreaDate>20110708</CreaDate><CreaTime>13113300</CreaTime><SyncOnce>FALSE</SyncOnce><SyncDate>20110708</SyncDate><SyncTime>13084000</SyncTime><ModDate>20110708</ModDate><ModTime>13084000</ModTime><MetaID>{2CE57BF3-D70F-4FD0-8E59-8E465059A713}</MetaID></Esri><dataIdInfo><envirDesc Sync="TRUE">Microsoft Windows Vista Version 6.1 (Build 7600) ; ESRI ArcCatalog 9.3.1.3000</envirDesc><dataLang><languageCode Sync="TRUE" value="en"></languageCode></dataLang><idCitation><resTitle Sync="TRUE">cnogis.CNOGISOWNER.blockgroup_1990</resTitle><presForm><PresFormCd Sync="TRUE" value="005"></PresFormCd></presForm></idCitation><spatRpType><SpatRepTypCd Sync="TRUE" value="001"></SpatRepTypCd></spatRpType><dataExt><geoEle><GeoBndBox esriExtentType="native"><westBL Sync="TRUE">3658763.902526</westBL><eastBL Sync="TRUE">3820659.398869</eastBL><northBL Sync="TRUE">612594.863118</northBL><southBL Sync="TRUE">499700.814245</southBL><exTypeCode Sync="TRUE">1</exTypeCode></GeoBndBox></geoEle></dataExt><geoBox esriExtentType="decdegrees"><westBL Sync="TRUE">-90.140909</westBL><eastBL Sync="TRUE">-89.624859</eastBL><northBL Sync="TRUE">30.179092</northBL><southBL Sync="TRUE">29.863049</southBL><exTypeCode Sync="TRUE">1</exTypeCode></geoBox></dataIdInfo><mdLang><languageCode Sync="TRUE" value="en"></languageCode></mdLang><mdStanName Sync="TRUE">ISO 19115 Geographic Information - Metadata</mdStanName><mdStanVer Sync="TRUE">DIS_ESRI1.0</mdStanVer><mdChar><CharSetCd Sync="TRUE" value="004"></CharSetCd></mdChar><mdHrLv><ScopeCd Sync="TRUE" value="005"></ScopeCd></mdHrLv><mdHrLvName Sync="TRUE">dataset</mdHrLvName><distInfo><distributor><distorTran><onLineSrc><orDesc Sync="TRUE">002</orDesc><linkage Sync="TRUE">file://</linkage><protocol Sync="TRUE">Local Area Network</protocol></onLineSrc></distorTran><distorFormat><formatName Sync="TRUE">SDE Feature Class</formatName></distorFormat></distributor></distInfo><mdDateSt Sync="TRUE">20110708</mdDateSt><refSysInfo><RefSystem><refSysID><identCode Sync="TRUE">NAD_1983_StatePlane_Louisiana_South_FIPS_1702_Feet</identCode></refSysID></RefSystem></refSysInfo><spatRepInfo><VectSpatRep><topLvl><TopoLevCd Sync="TRUE" value="001"></TopoLevCd></topLvl><geometObjs Name="cnogis.CNOGISOWNER.blockgroup_1990"><geoObjTyp><GeoObjTypCd Sync="TRUE" value="001"></GeoObjTypCd></geoObjTyp><geoObjCnt Sync="TRUE">657</geoObjCnt></geometObjs></VectSpatRep></spatRepInfo></metadata>
